<?xml version="1.0" encoding="UTF-8" standalone="no"?>
<!-- Generated 18/05/2020 01:30:37 PM by Hibernate Tools 5.4.7.Final --><!DOCTYPE hibernate-mapping PUBLIC "-//Hibernate/Hibernate Mapping DTD 3.0//EN" "http://www.hibernate.org/dtd/hibernate-mapping-3.0.dtd">
<hibernate-mapping auto-import="true" default-access="property" default-cascade="none" default-lazy="true">
    <class dynamic-insert="false" dynamic-update="false" mutable="true" name="co.edu.campusucc.sd.modelos.Corresponsal" optimistic-lock="version" polymorphism="implicit" schema="public" select-before-update="false" table="corresponsal">
        <id name="idCorresponsal" type="string">
            <column length="50" name="id_corresponsal"/>
            <generator class="assigned"/>
        </id>
        <many-to-one class="co.edu.campusucc.sd.modelos.Banco" embed-xml="true" fetch="select" insert="true" name="banco" not-found="exception" optimistic-lock="true" unique="false" update="true">
            <column length="20" name="id_banco"/>
        </many-to-one>
    </class>
</hibernate-mapping>
