<?xml version="1.0" encoding="UTF-8" standalone="no"?>
<!-- Generated 18/05/2020 01:30:37 PM by Hibernate Tools 5.4.7.Final --><!DOCTYPE hibernate-mapping PUBLIC "-//Hibernate/Hibernate Mapping DTD 3.0//EN" "http://www.hibernate.org/dtd/hibernate-mapping-3.0.dtd">
<hibernate-mapping auto-import="true" default-access="property" default-cascade="none" default-lazy="true">
    <class dynamic-insert="false" dynamic-update="false" mutable="true" name="co.edu.campusucc.sd.modelos.Negociacion" optimistic-lock="version" polymorphism="implicit" schema="public" select-before-update="false" table="negociacion">
        <id name="idComision" type="string">
            <column length="50" name="id_comision"/>
            <generator class="assigned"/>
        </id>
        <many-to-one class="co.edu.campusucc.sd.modelos.Banco" embed-xml="true" fetch="select" insert="true" name="banco" not-found="exception" optimistic-lock="true" unique="false" update="true">
            <column length="20" name="id_banco"/>
        </many-to-one>
        <property generated="never" lazy="false" name="origen" optimistic-lock="true" type="string" unique="false">
            <column length="50" name="origen"/>
        </property>
        <property generated="never" lazy="false" name="vigenciaGiro" optimistic-lock="true" type="string" unique="false">
            <column length="50" name="vigencia_giro"/>
        </property>
        <property generated="never" lazy="false" name="flete" optimistic-lock="true" type="string" unique="false">
            <column length="50" name="flete"/>
        </property>
        <property generated="never" lazy="false" name="idTransacion" optimistic-lock="true" type="string" unique="false">
            <column length="50" name="id_transacion" not-null="true"/>
        </property>
        <property generated="never" lazy="false" name="horaFecha" optimistic-lock="true" type="string" unique="false">
            <column length="50" name="hora_fecha"/>
        </property>
    </class>
</hibernate-mapping>
